{
  "genes": {
    "files": [
      {
        "filePath": "gene.fna",
        "fileType": "GENOMIC_NUCLEOTIDE_FASTA",
        "uncompressedLengthBytes": "158742"
      },
      {
        "filePath": "rna.fna",
        "fileType": "RNA_NUCLEOTIDE_FASTA",
        "uncompressedLengthBytes": "4556"
      },
      {
        "filePath": "protein.faa",
        "fileType": "PROTEIN_FASTA",
        "uncompressedLengthBytes": "1125"
      },
      {
        "filePath": "data_report.jsonl",
        "fileType": "DATA_REPORT",
        "uncompressedLengthBytes": "6324"
      }
    ]
  },
  "apiVersion": "V2"
}