{
    "read_files": "[ BartSimpson_R1_filtered.fastq.gz, BartSimpson_R2_filtered.fastq.gz]",
    "expected_format": "IU",
    "compatible_fragment_ratio": 1.0,
    "num_compatible_fragments": 1328,
    "num_assigned_fragments": 1328,
    "num_frags_with_concordant_consistent_mappings": 405,
    "num_frags_with_inconsistent_or_orphan_mappings": 1571,
    "strand_mapping_bias": 1.0,
    "MSF": 0,
    "OSF": 0,
    "ISF": 405,
    "MSR": 0,
    "OSR": 0,
    "ISR": 0,
    "SF": 787,
    "SR": 784,
    "MU": 0,
    "OU": 0,
    "IU": 0,
    "U": 0
}