{
  "genes": {
    "files": [
      {
        "filePath": "gene.fna",
        "fileType": "GENOMIC_NUCLEOTIDE_FASTA",
        "uncompressedLengthBytes": "3661"
      },
      {
        "filePath": "rna.fna",
        "fileType": "RNA_NUCLEOTIDE_FASTA",
        "uncompressedLengthBytes": "1795"
      },
      {
        "filePath": "protein.faa",
        "fileType": "PROTEIN_FASTA",
        "uncompressedLengthBytes": "393"
      },
      {
        "filePath": "data_report.jsonl",
        "fileType": "DATA_REPORT",
        "uncompressedLengthBytes": "4853"
      }
    ]
  },
  "apiVersion": "V2"
}