{
    "read_files": "[ LisaSimpson_R1_filtered.fastq.gz, LisaSimpson_R2_filtered.fastq.gz]",
    "expected_format": "IU",
    "compatible_fragment_ratio": 1.0,
    "num_compatible_fragments": 1320,
    "num_assigned_fragments": 1320,
    "num_frags_with_concordant_consistent_mappings": 406,
    "num_frags_with_inconsistent_or_orphan_mappings": 1548,
    "strand_mapping_bias": 1.0,
    "MSF": 0,
    "OSF": 0,
    "ISF": 406,
    "MSR": 0,
    "OSR": 0,
    "ISR": 0,
    "SF": 784,
    "SR": 764,
    "MU": 0,
    "OU": 0,
    "IU": 0,
    "U": 0
}